accountNumber,balance,betweenness,communityId,communitySize,cycleCount,fraudScore,freq,inDegree,intermediateAccount,is_suspicious,outDegree,pagerank,regularIntervalTransaction,suspicious,triangleCount,type,user
ACC000003,71738.77,0.0164723362427444,2,17,1,19.53,49,3,9,False,3,0.01138248812708708,True,False,1,BUSINESS,User_3
ACC000005,79013.43,0.05084052866211185,0,24,1,44.59,31,3,18,False,6,0.027002268921558072,False,False,3,CURRENT,User_5
ACC000004,20907.28,0.03314439588214648,4,14,2,25.95,41,4,12,False,3,0.01213212322555781,True,False,4,BUSINESS,User_4
ACC000001,1395.33,0.01802821334503624,0,24,2,25.31,43,3,18,False,6,0.00900869645546267,True,False,4,CURRENT,User_1
ACC000002,30223.23,0.001569386773468406,1,24,0,5.87,9,2,6,False,3,0.002211797917692754,True,False,3,CURRENT,User_2
